tu_id	speaker	start	end	duration	include	variation	W:normalized_spaces	W:numbers	W:accents	W:non_jefferson	W:pauses_trim	W:prosodic_trim	W:moved_boundaries	W:switches	E:volume	E:pace	E:guess	E:overlap	E:overlap_mismatch	E:overlap_duration	E:unmatched_overlaps	T:shortpauses	T:metalinguistic	T:errors	T:linguistic	original	text	orthographic
0	SP1	0.0	1.143	1.143	True	False	0	0	0	0	0	0	0	0	False	False	False	False	False	_	False	0	0	0	4	vabbè era leggera però	vabbè era leggera però	vabbè era leggera però
1	SP2	1.943	2.357	0.414	True	False	0	0	0	0	0	0	0	0	False	False	False	False	False	_	False	0	0	0	2	alla [fine]	alla [fine]	alla fine
2	SP3	2.043	2.946	0.903	True	False	0	0	0	0	0	0	0	0	False	False	False	False	False	_	False	0	0	0	4	[no no] è vero	[no no] è vero	no no è vero
3	SP2	3.055	3.208	0.153	True	False	0	0	0	0	0	0	0	0	False	False	False	False	False	_	False	0	0	0	1	sì	sì	sì
4	SP2	4.24	5.177	0.937	True	False	0	0	0	0	0	0	0	0	False	False	False	False	False	_	False	0	0	0	3	non era pesantissima	non era pesantissima	non era pesantissima
5	SP1	6.403	7.662	1.259	True	False	0	0	0	0	0	0	0	0	False	False	False	False	False	_	False	0	0	0	3	per niente [(anzi)]	per niente [(anzi)]	per niente anzi
6	SP2	7.19	9.658	2.468	True	False	0	0	0	0	0	0	0	0	False	False	False	False	False	_	False	0	0	0	12	[l'unica cosa] ho esagerato un po' con l'olio forse però	[l'unica cosa] ho esagerato un po' con l'olio forse però	l' unica cosa ho esagerato un po' con l' olio forse però
7	SP1	10.726	12.212	1.486	True	False	0	0	0	0	0	0	0	0	False	False	False	False	False	_	False	0	0	0	5	ma nell'impasto? no fuori	ma nell'impasto? no fuori	ma nell' impasto no fuori
8	SP2	12.337	12.62	0.283	True	False	0	0	0	0	0	0	0	0	False	False	False	False	False	_	False	0	0	0	1	fuori	fuori	fuori
9	SP2	12.813	14.33	1.517	True	False	0	0	0	0	0	0	0	0	False	False	False	False	False	_	False	0	0	0	8	nell'impasto ce [ne ho messo il giu]sto	nell'impasto ce [ne ho messo il giu]sto	nell' impasto ce ne ho messo il giusto
10	SP3	13.309	13.957	0.648	True	False	0	0	0	0	0	0	0	0	False	False	False	False	False	_	False	0	0	0	2	[nella padella]	[nella padella]	nella padella
11	SP2	14.649	15.405	0.756	True	False	0	0	0	0	0	0	0	0	False	False	False	False	False	_	False	0	0	0	3	però in padella	però in padella	però in padella
12	SP2	16.853	19.075	2.222	True	False	0	0	0	0	0	0	0	0	False	False	False	False	False	_	False	0	0	0	10	rosa ha detto metti: quello là l'olio da friggere	rosa ha detto metti: quello là l'olio da friggere	rosa ha detto metti quello là l' olio da friggere
13	SP2	19.412	20.318	0.906	True	False	0	0	0	0	0	0	0	0	False	False	False	False	False	_	False	0	0	0	3	così vengono meglio	così vengono meglio	così vengono meglio
14	SP2	20.79	21.55	0.76	True	False	0	0	0	0	0	0	0	0	False	False	False	False	False	_	False	0	0	0	3	ho detto okay	ho detto okay	ho detto okay
15	SP2	22.128	25.352	3.224	True	False	0	0	0	0	0	0	0	0	False	False	False	False	False	_	False	0	0	0	6	e ho fatto però praticamente xxx messo::	e ho fatto però praticamente xxx messo::	e ho fatto però praticamente x messo
16	SP2	25.545	27.939	2.394	True	False	0	0	0	0	0	0	0	0	False	False	False	False	False	_	False	0	0	0	11	cioè tutt~ tutto il fondo della padella era pieno d'olio	cioè tutt~ tutto il fondo della padella era pieno d'olio	cioè tutt~ tutto il fondo della padella era pieno d' olio
17	SP2	29.274	32.64	3.366	True	False	0	0	0	0	0	0	0	0	False	False	False	False	False	_	False	1	0	0	11	io volevo mettere un filo sai per farli venire: {P} mezzi tra	io volevo mettere un filo sai per farli venire: {P} mezzi tra	io volevo mettere un filo sai per farli venire {P} mezzi tra
18	SP2	34.751	37.443	2.692	True	False	0	0	0	0	0	0	0	0	False	False	False	False	False	_	False	0	0	0	6	cioè cotti: nella padella unta invece	cioè cotti: nella padella unta invece	cioè cotti nella padella unta invece
19	SP2	38.722	41.092	2.37	True	False	0	0	0	0	0	0	0	0	False	False	False	False	False	_	False	0	1	0	9	i primi sono venuti un po' deep [fried qua]si {ride}	i primi sono venuti un po' deep [fried qua]si {ride}	i primi sono venuti un po' deep fried quasi {ride}
20	SP1	40.063	40.613	0.55	True	False	0	0	0	0	0	0	0	0	False	False	False	False	False	_	False	0	0	0	1	[°fritti°]	[°fritti°]	fritti
21	SP1	43.17	43.471	0.301	True	False	0	0	0	0	0	0	0	0	False	False	False	False	False	_	False	0	1	0	0	{tossisce}	{tossisce}	{tossisce}
22	SP1	43.7	47.107	3.407	True	False	0	0	0	0	0	0	0	0	False	False	False	False	False	_	False	0	0	0	10	beh oggi abbiamo fatto colazione co~ pa~ pancake con nutella	beh oggi abbiamo fatto colazione co~ pa~ pancake con nutella	beh oggi abbiamo fatto colazione co~ pa~ pancake con nutella
23	SP2	47.678	49.177	1.499	True	False	0	0	0	0	0	0	0	0	False	False	False	False	False	_	False	0	0	0	7	è rimasto un altro pancake se vuoi	è rimasto un altro pancake se vuoi	è rimasto un altro pancake se vuoi
24	SP3	49.447	50.793	1.346	True	False	0	0	0	0	0	0	0	0	False	False	False	False	False	_	False	0	0	0	6	u::h [ma quanti ne avete fa~]?	u::h [ma quanti ne avete fa~]?	uh ma quanti ne avete fa~
25	SP2	49.644	51.578	1.934	True	False	0	0	0	0	0	0	0	0	False	False	False	False	False	_	False	0	0	0	13	[mangiati tu il pancake e io mi mangio il] gelato che ne dici	[mangiati tu il pancake e io mi mangio il] gelato che ne dici	mangiati tu il pancake e io mi mangio il gelato che ne dici
26	SP2	52.693	53.314	0.621	True	False	0	0	0	0	0	0	0	0	False	False	False	False	False	_	False	0	1	0	0	{ride}	{ride}	{ride}
27	SP1	52.726	54.48	1.754	True	False	0	0	0	0	0	0	0	0	False	False	False	False	False	_	False	0	0	0	7	mo to [chiavo n' faccia] stu pancake	mo to [chiavo n' faccia] stu pancake	mo to chiavo n' faccia stu pancake
28	SP3	52.997	53.76	0.763	True	False	0	0	0	0	0	0	0	0	False	False	False	False	False	_	False	0	0	0	1	[stronzo]	[stronzo]	stronzo
29	SP1	55.545	57.915	2.37	True	False	0	0	0	0	0	0	0	0	False	False	False	False	False	_	False	0	0	0	7	poi che è rimas~ poi abbiamo mangiato	poi che è rimas~ poi abbiamo mangiato	poi che è rimas~ poi abbiamo mangiato
30	SP2	58.179	59.307	1.128	True	False	0	0	0	0	0	0	0	0	False	False	False	True	True	31=1.086	False	0	0	0	5	[io [a pranzo ho esagerato]	[io [a pranzo ho esagerato]	io a pranzo ho esagerato
31	SP1	58.221	59.436	1.215	True	False	0	0	0	0	0	0	0	0	False	False	False	False	False	_	False	0	0	0	4	[tanto da tua non]na	[tanto da tua non]na	tanto da tua nonna
32	SP1	60.263	62.292	2.029	True	False	0	0	0	0	0	0	0	0	False	False	False	False	False	_	False	0	0	0	6	quatt gilat sa mangiat 'stu puorco	quatt gilat sa mangiat 'stu puorco	quatt gilat sa mangiat 'stu puorco
33	SP2	62.367	66.381	4.014	True	False	0	0	0	0	0	0	0	0	False	False	False	False	False	_	False	0	0	0	19	quattro gelati è esa~ non è vero xx >A PARTE IL FATTO CHE< abbiamo mangiato la STESSA quantità di gelato	quattro gelati è esa~ non è vero xx >A PARTE IL FATTO CHE< abbiamo mangiato la STESSA quantità di gelato	quattro gelati è esa~ non è vero x a parte il fatto che abbiamo mangiato la stessa quantità di gelato
34	SP1	67.215	68.185	0.97	True	False	0	0	0	0	0	0	0	0	False	False	False	False	False	_	False	0	0	0	6	tu ne hai mangiati di più	tu ne hai mangiati di più	tu ne hai mangiati di più
35	SP2	68.234	69.006	0.772	True	False	0	0	0	0	0	0	0	0	False	False	False	False	False	_	False	0	0	0	2	NO ALBERTO	NO ALBERTO	no alberto
36	SP1	69.343	73.305	3.962	True	False	0	0	0	0	0	0	0	0	False	False	False	False	False	_	False	0	0	0	17	hai mangiato il pan di stelle, hai mangiato quello al caramello, e ne hai mangiato un a[ltro]	hai mangiato il pan di stelle, hai mangiato quello al caramello, e ne hai mangiato un a[ltro]	hai mangiato il pan di stelle hai mangiato quello al caramello e ne hai mangiato un altro
37	SP2	72.925	74.303	1.378	True	False	0	0	0	0	0	0	0	0	False	False	False	False	False	_	False	0	0	0	7	[no] non l'ho mangiato un altro	[no] non l'ho mangiato un altro	no non l' ho mangiato un altro
38	SP2	75.242	77.363	2.121	True	False	0	0	0	0	0	0	0	0	False	False	False	False	False	_	False	0	0	0	10	ho ma~ perché nonna aveva comprato quei pan di ste[lle]	ho ma~ perché nonna aveva comprato quei pan di ste[lle]	ho ma~ perché nonna aveva comprato quei pan di stelle
39	SP1	76.977	78.381	1.404	True	False	0	0	0	0	0	0	0	0	False	False	False	False	False	_	False	0	0	0	6	[vabbè sei un] maia[le hai mangiato]	[vabbè sei un] maia[le hai mangiato]	vabbè sei un maiale hai mangiato
40	SP2	77.678	78.442	0.764	True	False	0	0	0	0	0	0	0	0	False	False	False	False	False	_	False	0	0	0	3	[che erano buoni]	[che erano buoni]	che erano buoni
41	SP2	78.694	80.731	2.037	True	False	0	0	0	0	0	0	0	0	False	False	False	False	False	_	False	0	0	0	11	sì e pure tu sei un maiale però [ti sto dicendo]	sì e pure tu sei un maiale però [ti sto dicendo]	sì e pure tu sei un maiale però ti sto dicendo
42	SP1	79.917	82.396	2.479	True	False	0	0	0	0	0	0	0	0	False	False	False	False	False	_	False	0	0	0	9	[hai mangiato due sal]sicce [e un sa]cco di fria[rielli]	[hai mangiato due sal]sicce [e un sa]cco di fria[rielli]	hai mangiato due salsicce e un sacco di friarielli
43	SP2	81.126	81.44	0.314	True	False	0	0	0	0	0	0	0	0	False	False	False	False	False	_	False	0	0	0	1	[perché]	[perché]	perché
44	SP2	81.959	83.649	1.69	True	False	0	0	0	0	0	0	0	0	False	False	False	False	False	_	False	0	0	0	6	[perché prati]camente la nonna a[veva comprato]	[perché prati]camente la nonna a[veva comprato]	perché praticamente la nonna aveva comprato
45	SP3	83.139	83.968	0.829	True	False	0	0	0	0	0	0	0	0	False	False	False	False	False	_	False	0	0	0	3	[buoni i friarie]lli	[buoni i friarie]lli	buoni i friarielli
46	SP2	83.97	87.143	3.173	True	False	0	0	0	0	0	0	0	0	False	False	False	False	False	_	False	0	0	0	12	questi: gelati: pan di stelle che erano quelli là tipo a biscotto	questi: gelati: pan di stelle che erano quelli là tipo a biscotto	questi gelati pan di stelle che erano quelli là tipo a biscotto
47	SP2	87.403	89.896	2.493	True	False	0	0	0	0	0	0	0	0	False	False	False	False	False	_	False	0	0	0	8	che ce n'erano DUE in una:: [bustina]	che ce n'erano DUE in una:: [bustina]	che ce n' erano due in una bustina
48	SP3	89.172	90.134	0.962	True	False	0	0	0	0	0	0	0	0	False	False	False	False	False	_	False	0	0	0	6	[quindi avete fatto uno e u]no	[quindi avete fatto uno e u]no	quindi avete fatto uno e uno
49	SP2	90.256	92.744	2.488	True	False	0	0	0	0	0	0	0	0	False	False	False	False	False	_	False	0	0	0	11	io ho detto voglio questo però voglio anche quello al caramello	io ho detto voglio questo però voglio anche quello al caramello	io ho detto voglio questo però voglio anche quello al caramello
50	SP2	92.992	99.415	6.423	True	False	0	0	0	0	0	0	0	0	False	False	False	False	False	_	False	0	0	0	28	quindi ho mangiato UNO DI QUELLI e ho dato L'ALTRO a lui e ho mangiato quello al caramello la stessa quantità che ha mangiato lui uguale identico	quindi ho mangiato UNO DI QUELLI e ho dato L'ALTRO a lui e ho mangiato quello al caramello la stessa quantità che ha mangiato lui uguale identico	quindi ho mangiato uno di quelli e ho dato l' altro a lui e ho mangiato quello al caramello la stessa quantità che ha mangiato lui uguale identico
51	SP2	99.95	102.108	2.158	True	False	0	0	0	0	0	0	0	0	False	False	False	False	False	_	False	0	0	0	12	quindi la cosa che adesso io sono il porco e tu no	quindi la cosa che adesso io sono il porco e tu no	quindi la cosa che adesso io sono il porco e tu no
52	SP2	102.828	103.664	0.836	True	False	0	0	0	0	0	0	0	0	False	False	False	False	False	_	False	0	0	0	2	lasci[amo stare]	lasci[amo stare]	lasciamo stare
53	SP3	103.017	107.851	4.834	True	False	0	0	0	0	0	0	0	0	False	False	False	False	False	_	False	0	0	0	15	[vabbuò comunque] in generale per una giornata:: c'è stato tanto cibo un po' chiatto	[vabbuò comunque] in generale per una giornata:: c'è stato tanto cibo un po' chiatto	vabbuò comunque in generale per una giornata c' è stato tanto cibo un po' chiatto
54	SP2	107.953	109.332	1.379	True	False	0	0	0	0	0	0	0	0	False	False	False	False	False	_	False	0	0	0	5	ma è domenica è festa	ma è domenica è festa	ma è domenica è festa
55	SP3	109.464	110.524	1.06	True	False	0	0	0	0	0	0	0	0	False	False	False	False	False	_	False	0	0	0	4	[eh lo so però::]	[eh lo so però::]	eh lo so però
56	SP2	109.512	110.258	0.746	True	False	0	0	0	0	0	0	0	0	False	False	False	False	False	_	False	0	0	0	3	[lo sanno tutti]	[lo sanno tutti]	lo sanno tutti
57	SP1	110.539	114.112	3.573	True	False	0	0	0	0	0	0	0	0	False	False	False	False	True	_	True	0	0	0	14	[m]:h chiediamolo al diabete di terzo tipo che avremo tra un paio di anni	[m]:h chiediamolo al diabete di terzo tipo che avremo tra un paio di anni	mh chiediamolo al diabete di terzo tipo che avremo tra un paio di anni
58	SP3	115.864	117.283	1.419	True	False	0	0	0	0	0	0	0	0	False	False	False	False	False	_	False	0	0	0	5	tra un [paio di anni]	tra un [paio di anni]	tra un paio di anni
59	SP2	116.19	118.369	2.179	True	False	0	0	0	0	0	0	0	0	False	False	False	False	False	_	False	0	0	0	8	[sì perché tutti i giorni] mangio così ovviamente?	[sì perché tutti i giorni] mangio così ovviamente?	sì perché tutti i giorni mangio così ovviamente
60	SP3	120.451	120.91	0.459	True	False	0	0	0	0	0	0	0	0	False	False	False	False	False	_	False	0	0	0	1	[lite:]	[lite:]	lite
61	SP2	120.451	122.44	1.989	True	False	0	0	0	0	0	0	0	0	False	False	False	False	False	_	False	0	0	0	6	[marò che] nervosamente mi fa ven[ire]	[marò che] nervosamente mi fa ven[ire]	marò che nervosamente mi fa venire
62	SP3	122.155	123.999	1.844	True	False	0	0	0	0	0	0	0	0	False	False	False	False	False	_	False	0	0	0	8	[vabbè s'è] mangiato l'insalata ieri eh	[vabbè s'è] mangiato l'insalata ieri eh	vabbè s' è mangiato l' insalata ieri eh
63	SP2	124.161	125.642	1.481	True	False	0	0	0	0	0	0	0	0	False	False	False	False	False	_	False	0	0	0	5	IERI HO MANGIATO L'INSALATINA	IERI HO MANGIATO L'INSALATINA	ieri ho mangiato l' insalatina
64	SP2	126.8	127.908	1.108	True	False	0	0	0	0	0	0	0	0	False	False	False	False	False	_	False	0	1	0	0	{ride}	{ride}	{ride}
65	SP3	127.974	129.655	1.681	True	False	0	0	0	0	0	0	0	0	False	False	False	False	False	_	False	0	0	0	8	no non mi guardare così che ha detto	no non mi guardare così che ha detto	no non mi guardare così che ha detto
66	SP2	129.697	130.794	1.097	True	False	0	0	0	0	0	0	0	0	False	False	False	False	False	_	False	0	0	0	5	d[evo mettere l'olio dentro]	d[evo mettere l'olio dentro]	devo mettere l' olio dentro
67	SP1	129.764	133.006	3.242	True	False	0	0	0	0	0	0	0	0	False	True	False	False	False	_	False	0	0	0	14	[vuoi sapere che c'era n]ell'insalatina dentro l'insalati~> c'erano [i <cub]etti>	[vuoi sapere che c'era n]ell'insalatina dentro l'insalati~> c'erano [i <cub]etti>	vuoi sapere che c' era nell' insalatina dentro l' insalati~ c' erano i cubetti
68	SP3	131.52	132.141	0.621	True	False	0	0	0	0	0	0	0	0	False	False	False	False	False	_	False	0	0	0	3	[che c'era]?	[che c'era]?	che c' era
69	SP3	133.01	135.086	2.076	True	False	0	0	0	0	0	0	0	0	False	False	False	False	False	_	False	0	0	0	8	di formaggio e [di salame l'ha <detto>]	di formaggio e [di salame l'ha <detto>]	di formaggio e di salame l' ha detto
70	SP1	133.556	137.629	4.073	True	False	0	0	0	0	0	0	0	0	False	True	False	False	True	69=1.530,71=0.674	True	0	0	0	12	[<di provolone e i cu]betti di sa~ e ti sembra un'isalatina	[<di provolone e i cu]betti di sa~ e ti sembra un'isalatina	di provolone e i cubetti di sa~ e ti sembra un' isalatina
71	SP3	136.955	143.4	6.445	True	False	0	0	0	0	0	0	0	0	False	False	False	False	True	70=0.674,72=0.552,73=0.420	True	0	0	0	23	vabbè però jà non è che ha esagerato sono degli affettati con l'insalata cioè è un pranzo: [m:h secondo me] non trop[po:]	vabbè però jà non è che ha esagerato sono degli affettati con l'insalata cioè è un pranzo: [m:h secondo me] non trop[po:]	vabbè però jà non è che ha esagerato sono degli affettati con l' insalata cioè è un pranzo mh secondo me non troppo
72	SP2	141.944	142.496	0.552	True	False	0	0	0	0	0	0	0	0	False	False	False	False	False	_	False	0	0	0	2	[allora rosa]	[allora rosa]	allora rosa
73	SP2	142.98	145.619	2.639	True	False	0	0	0	0	0	0	0	0	False	False	False	False	False	_	False	0	0	0	29	[te lo giu]ro ti ti fidi di me quando ti ti dico una cosa? cioè non dic~ non ti ho mai detto una bugia in vita mia a te	[te lo giu]ro ti ti fidi di me quando ti ti dico una cosa? cioè non dic~ non ti ho mai detto una bugia in vita mia a te	te lo giuro ti ti fidi di me quando ti ti dico una cosa cioè non dic~ non ti ho mai detto una bugia in vita mia a te
74	SP2	145.869	147.885	2.016	True	False	0	0	0	0	0	0	0	0	False	False	False	False	False	_	False	0	0	0	15	cioè non dic~ non ti ho mai detto una bugia in vita mia a te	cioè non dic~ non ti ho mai detto una bugia in vita mia a te	cioè non dic~ non ti ho mai detto una bugia in vita mia a te
75	SP2	148.649	148.893	0.244	True	False	0	0	0	0	0	0	0	0	False	False	False	False	False	_	False	0	0	0	1	allò	allò	allò
76	SP2	150.549	151.418	0.869	True	False	0	0	0	0	0	0	0	0	False	False	False	False	False	_	False	0	0	0	3	ho messo MEZZA	ho messo MEZZA	ho messo mezza
77	SP2	151.882	152.946	1.064	True	False	0	0	0	0	0	0	0	0	False	False	False	False	False	_	False	0	0	0	3	cosa di iceberg	cosa di iceberg	cosa di iceberg
78	SP2	153.498	154.256	0.758	True	False	0	0	0	0	0	0	0	0	False	False	False	False	False	_	False	0	0	0	4	poi c'ho messo	poi c'ho messo	poi c' ho messo
79	SP2	154.766	158.134	3.368	True	False	0	0	0	0	0	0	0	0	False	False	False	False	False	_	False	0	0	0	8	<QUATTRO FETTE> CONTATE di salame tagliate a cubetti	<QUATTRO FETTE> CONTATE di salame tagliate a cubetti	quattro fette contate di salame tagliate a cubetti
80	SP2	158.904	162.693	3.789	True	False	0	0	0	0	0	0	0	0	False	False	False	False	False	_	False	0	1	0	10	MEZZO PEZZO di auricchio {ride} cioè: di provolone tagliato a cubetti	MEZZO PEZZO di auricchio {ride} cioè: di provolone tagliato a cubetti	mezzo pezzo di auricchio {ride} cioè di provolone tagliato a cubetti
81	SP2	163.23	167.93	4.7	True	False	0	0	0	0	0	0	0	0	False	False	False	False	False	_	False	0	0	0	17	E DUE FETTINE DI PANE tagliate a cubetti saltate in padella che le ho fatte tipo: crostino	E DUE FETTINE DI PANE tagliate a cubetti saltate in padella che le ho fatte tipo: crostino	e due fettine di pane tagliate a cubetti saltate in padella che le ho fatte tipo crostino
82	SP3	167.961	168.25	0.289	True	False	0	0	0	0	0	0	0	0	False	False	False	False	False	_	False	0	0	0	1	m:h	m:h	mh
83	SP2	168.29	168.635	0.345	True	False	0	0	0	0	0	0	0	0	False	False	False	False	False	_	False	0	0	0	1	basta	basta	basta
84	SP2	170.365	174.272	3.907	True	False	0	0	0	0	0	0	0	0	False	False	False	False	False	_	False	0	0	0	12	que~ [ah e una una carota] che l'ho tagliata piccolina piccolina	que~ [ah e una una carota] che l'ho tagliata piccolina piccolina	que~ ah e una una carota che l' ho tagliata piccolina piccolina
85	SP3	170.432	171.828	1.396	True	False	0	0	0	0	0	0	0	0	False	False	False	False	False	_	False	0	0	0	0	[xxxxx]	[xxxxx]	x
86	SP3	174.278	175.569	1.291	True	False	0	0	0	0	0	0	0	0	False	False	False	False	False	_	False	0	0	0	8	secondo me la carota non ci stava be~	secondo me la carota non ci stava be~	secondo me la carota non ci stava be~
87	SP2	175.571	176.241	0.67	True	False	0	0	0	0	0	0	0	0	False	False	False	False	False	_	False	0	0	0	3	invece stava bene	invece stava bene	invece stava bene
88	SP3	176.35	176.633	0.283	True	False	0	0	0	0	0	0	0	0	False	False	False	False	False	_	False	0	0	0	1	sì?	sì?	sì
89	SP3	177.294	180.19	2.896	True	False	0	0	0	0	0	0	0	0	False	False	False	False	False	_	False	0	0	0	9	no comunque no per m[e è] un [pranzo standard]	no comunque no per m[e è] un [pranzo standard]	no comunque no per me è un pranzo standard
90	SP2	178.469	178.753	0.284	True	False	0	0	0	0	0	0	0	0	False	False	False	False	False	_	False	0	0	0	1	[mh]	[mh]	mh
91	SP2	179.144	180.587	1.443	True	False	0	0	0	0	0	0	0	0	False	False	False	False	False	_	False	0	0	0	5	[non è un pranzo gra]ss[o]	[non è un pranzo gra]ss[o]	non è un pranzo grasso
92	SP3	180.469	180.862	0.393	True	False	0	0	0	0	0	0	0	0	False	False	False	False	False	_	False	0	0	0	1	[no:]	[no:]	no
93	SP2	183.755	185.46	1.705	True	False	0	0	0	0	0	0	0	0	False	False	False	False	False	_	False	0	0	0	6	pranzo che è terminato col gelato	pranzo che è terminato col gelato	pranzo che è terminato col gelato
94	SP3	185.926	186.221	0.295	True	False	0	0	0	0	0	0	0	0	False	False	False	False	False	_	False	0	0	0	1	ah	ah	ah
95	SP3	186.545	187.221	0.676	True	False	0	0	0	0	0	0	0	0	False	False	False	False	False	_	False	0	0	0	2	[questo già]	[questo già]	questo già
96	SP2	186.545	187.533	0.988	True	False	0	0	0	0	0	0	0	0	False	False	False	False	False	_	False	0	0	0	4	[NON SOLO PER ME]	[NON SOLO PER ME]	non solo per me
97	SP2	187.701	188.451	0.75	True	False	0	0	0	0	0	0	0	0	False	False	False	False	False	_	False	0	0	0	4	ma anche per lui	ma anche per lui	ma anche per lui
98	SP2	188.57	188.938	0.368	True	False	0	0	0	0	0	0	0	0	False	False	False	False	False	_	False	0	0	0	1	[quindi]	[quindi]	quindi
99	SP3	188.582	192.95	4.368	True	False	0	0	0	0	0	0	0	0	False	False	False	False	True	98=0.356,100=0.608	True	0	0	0	13	[vabbè] comunque però in generale state un pochino: dando alla pazza gioia eh	[vabbè] comunque però in generale state un pochino: dando alla pazza gioia eh	vabbè comunque però in generale state un pochino dando alla pazza gioia eh
100	SP1	191.866	192.474	0.608	True	False	0	0	0	0	0	0	0	0	False	False	False	False	False	_	False	0	0	0	2	[<ma: io>]	[<ma: io>]	ma io
101	SP1	192.992	199.56	6.568	True	False	0	0	0	0	0	0	0	0	False	False	False	False	False	_	False	0	0	0	19	ma io non sto dicendo MATTEO stai mangiando come il maiale matteo avrai il diabete sto dicendo matteo entrambi	ma io non sto dicendo MATTEO stai mangiando come il maiale matteo avrai il diabete sto dicendo matteo entrambi	ma io non sto dicendo matteo stai mangiando come il maiale matteo avrai il diabete sto dicendo matteo entrambi
102	SP1	200.018	201.629	1.611	True	False	0	0	0	0	0	0	0	0	False	False	False	False	False	_	False	0	0	0	3	assumiamoci le responsabilità	assumiamoci le responsabilità	assumiamoci le responsabilità
103	SP1	202.193	208.56	6.367	True	False	0	0	0	0	0	0	0	0	False	False	False	False	False	_	False	0	0	0	21	che noi già viviamo in una terra di merda che ci porta naturalmente a morire prima poi mangiamo anche molto male	che noi già viviamo in una terra di merda che ci porta naturalmente a morire prima poi mangiamo anche molto male	che noi già viviamo in una terra di merda che ci porta naturalmente a morire prima poi mangiamo anche molto male
104	SP3	208.56	210.751	2.191	True	False	0	0	0	0	0	0	0	0	False	False	False	False	False	_	False	0	0	0	7	però tipo ieri avete mangiato [patatine fritte]	però tipo ieri avete mangiato [patatine fritte]	però tipo ieri avete mangiato patatine fritte
105	SP2	209.673	211.001	1.328	True	False	0	0	0	0	0	0	0	0	False	False	False	False	False	_	False	0	0	0	7	[parla per te io non abito] qua	[parla per te io non abito] qua	parla per te io non abito qua
106	SP1	212.711	213.7	0.989	True	False	0	0	0	0	0	0	0	0	False	False	False	False	False	_	False	0	0	0	4	matteo ma va cach	matteo ma va cach	matteo ma va cach
107	SP3	214.615	215.968	1.353	True	False	0	0	0	0	0	0	0	0	False	False	False	False	False	_	False	0	0	0	3	avete mangiato [xxx]?	avete mangiato [xxx]?	avete mangiato xxx
108	SP2	215.037	217.762	2.725	True	False	0	0	0	0	0	0	0	0	False	False	False	False	False	_	False	0	0	0	11	[sì ma questo gay dra]ma non ho capito: sta cosa che	[sì ma questo gay dra]ma non ho capito: sta cosa che	sì ma questo gay drama non ho capito sta cosa che
109	SP2	220.856	222.332	1.476	True	False	0	0	0	0	0	0	0	0	False	False	False	False	False	_	False	0	0	0	6	per forza dobbiamo litigarci ogni volta	per forza dobbiamo litigarci ogni volta	per forza dobbiamo litigarci ogni volta
110	SP1	224.951	230.17	5.219	True	False	0	0	0	0	0	0	0	0	False	False	False	False	False	_	False	0	0	0	17	°ma se vuoi: possiamo anche non litigare più (se vuoi° me ne posso) tornare a casa mia	°ma se vuoi: possiamo anche non litigare più (se vuoi° me ne posso) tornare a casa mia	ma se vuoi possiamo anche non litigare più se vuoi me ne posso tornare a casa mia
111	SP2	230.232	233.403	3.171	True	False	0	0	0	0	0	0	0	0	False	False	False	False	False	_	False	0	1	0	9	{ride} è già l'ennesima volta che lo dici ja	{ride} è già l'ennesima volta che lo dici ja	{ride} è già l' ennesima volta che lo dici ja
112	SP2	234.68	236.398	1.718	True	False	0	0	0	0	0	0	0	0	False	False	False	False	False	_	False	0	0	0	9	lo sai che non è quello che voglio quindi:	lo sai che non è quello che voglio quindi:	lo sai che non è quello che voglio quindi
113	SP1	237.369	239.511	2.142	True	False	0	0	0	0	0	0	0	0	False	False	False	False	False	_	False	0	0	0	8	beh forse mi sono scocciato di stare [qua]?	beh forse mi sono scocciato di stare [qua]?	beh forse mi sono scocciato di stare qua
114	SP2	239.074	242.992	3.918	True	False	0	0	0	0	0	0	0	0	False	False	False	False	False	_	False	0	0	0	21	[bra fo]rse se se tu ti sei scocciato ti riaccompagno però se è per me lo sai che non è così	[bra fo]rse se se tu ti sei scocciato ti riaccompagno però se è per me lo sai che non è così	bra forse se se tu ti sei scocciato ti riaccompagno però se è per me lo sai che non è così
115	SP2	244.678	247.937	3.259	True	False	0	0	0	0	0	0	0	0	False	False	False	False	False	_	False	0	0	0	13	evitiamo di continuare questo discorso al momento che: non mi sembra il caso	evitiamo di continuare questo discorso al momento che: non mi sembra il caso	evitiamo di continuare questo discorso al momento che non mi sembra il caso
116	SP3	253.199	256.449	3.25	True	False	0	0	0	0	0	0	0	0	False	False	False	False	False	_	False	0	0	0	14	no anche perché mi deve venire il ciclo mi metto a piangere se litigate	no anche perché mi deve venire il ciclo mi metto a piangere se litigate	no anche perché mi deve venire il ciclo mi metto a piangere se litigate
117	SP2	256.505	256.82	0.315	True	False	0	0	0	0	0	0	0	0	False	False	False	False	False	_	False	0	0	0	2	no amo'	no amo'	no amo'
118	SP2	257.053	259.141	2.088	True	False	0	0	0	0	0	0	0	0	False	False	False	False	False	_	False	0	0	0	10	mo ci mangiamo il gelato così ti facciamo stare felice	mo ci mangiamo il gelato così ti facciamo stare felice	mo ci mangiamo il gelato così ti facciamo stare felice
119	SP1	259.146	259.456	0.31	True	False	0	0	0	0	0	0	0	0	False	False	False	False	False	_	False	0	0	0	2	ecco qua	ecco qua	ecco qua
120	SP3	260.404	262.082	1.678	True	False	0	0	0	0	0	0	0	0	False	False	False	False	True	_	True	0	0	0	3	aspe' xx jà digeri[amo]	aspe' xx jà digeri[amo]	aspe' x jà digeriamo
121	SP2	262.094	263.378	1.284	True	False	0	0	0	0	0	0	0	0	False	False	False	False	True	_	True	0	0	0	5	[sì] mi fumo una <sigaretta>	[sì] mi fumo una <sigaretta>	sì mi fumo una sigaretta
